{
	"partitions" : [
		{
			"name" : "Top",
			"pins" : [
				{
					"name" : "hsync",
					"strict" : false
				},
				{
					"name" : "vsync",
					"strict" : false
				},
				{
					"name" : "active",
					"strict" : false
				},
				{
					"name" : "r",
					"strict" : false
				},
				{
					"name" : "g",
					"strict" : false
				},
				{
					"name" : "b",
					"strict" : false
				},
				{
					"name" : "_rst",
					"strict" : false
				},
				{
					"name" : "up",
					"strict" : false
				},
				{
					"name" : "down",
					"strict" : false
				},
				{
					"name" : "_clk",
					"strict" : false
				}
			]
		}
	]
}